{
    "water_balance": {
        "rmse": 3.396974590240979,
        "mae": 3.094160974025721,
        "r2": -60.54366062262949
    },
    "train_samples": 14,
    "test_samples": 4
}