{
    "water_balance": {
        "rmse": 16.14441379349602,
        "mae": 11.587519741058344,
        "r2": -0.01813319037353378
    },
    "train_samples": 20,
    "test_samples": 5
}