{
    "water_balance": {
        "rmse": 5.83272467496007,
        "mae": 5.134661038716634,
        "r2": -0.23462134760077613
    },
    "train_samples": 12,
    "test_samples": 3
}