{
    "rmse": 0.7257438302040029,
    "mae": 0.7257438302040029,
    "r2": NaN,
    "train_samples": 2,
    "test_samples": 1
}